"cust_id","cust_reg_date","cust_last_name","cust_first_name","cust_email","cust_password","cust_phone","cust_zipcode","cust_street_address","cust_city","cust_county","membership","cust_birth_date","cust_referral"
11,2023-05-29,"Knight","Diana","elbijntfz@szrb.qug","2e06cf4fda81ae33015430fed51f5127","07756468993","BS40","New Street 17","Nempnett Thrubwell","England","SILVER",1983-12-03,"0"
83,2018-01-30,"George","Stanley","sb@iln.vyg","2e06cf4fda81ae33015430fed51f5127","07394043724","CM2","North Road 18","Great Baddow","England","BRONZE",1988-09-21,"0"
126,2019-11-18,"Gray","Caroline","vfzu@vx.fge","2e06cf4fda81ae33015430fed51f5127","07972718938","DH6","Main Road 96","Shadforth","England","BRONZE",1979-02-02,"0"
18,2019-12-31,"Hill","Sophie","nwd@omk.hea","2e06cf4fda81ae33015430fed51f5127","07315279490","SA62","Victoria Street 32","Nolton","Wales","PLATINUM",2007-11-22,"0"
189,2021-07-16,"Palmer","Jamie","flmr@zmynsjt.hzj","2e06cf4fda81ae33015430fed51f5127","07031043606","ME13","Main Street 2","Faversham","England","GOLD",1973-05-06,"0"
19,2020-05-28,"Wilson","Patrick","p@apdbzy.ypd","2e06cf4fda81ae33015430fed51f5127","07644845774","EH26","Main Street 36","Penicuik","Scotland","GOLD",1996-04-23,"0"
195,2021-09-24,"Taylor","Leonard","oz@fvi.ohg","2e06cf4fda81ae33015430fed51f5127","07066641755","TF10","The Grove 52","Newport","England","PLATINUM",1986-01-13,"0"
30,2019-06-22,"Smith","Iain","xfbeumw@hfwruso.rjt","2e06cf4fda81ae33015430fed51f5127","07578646374","SW6","Mill Lane 38","Hammersmith","England","GOLD",1970-11-05,"0"
106,2018-04-22,"White","Amelia","jytldfcmak@ytkpv.szd","2e06cf4fda81ae33015430fed51f5127","07082033096","BR8","Richmond Road 97","Swanley","England","BRONZE",2005-09-18,"0"
79,2019-06-21,"Bailey","Mandy","jlcaqb@nc.izf","2e06cf4fda81ae33015430fed51f5127","07099977111","IP6","Park Lane 45","Hemingstone","England","SILVER",1984-10-17,"0"
174,2022-07-27,"Holloway","Hannah","esotjwandi@g.nky","2e06cf4fda81ae33015430fed51f5127","07206669385","S12","Mill Road 62","Norton","England","SILVER",1971-05-24,"0"
140,2018-05-21,"Anderson","Rachael","fehbmkovl@hgilyoutk.tjz","2e06cf4fda81ae33015430fed51f5127","07243097873","S43","Highfield Road 48","Staveley","England","GOLD",2009-03-06,"0"
96,2023-01-18,"Thomas","Helen","muh@rgv.hcd","2e06cf4fda81ae33015430fed51f5127","07309602548","SN26","High Street 19","Blunsdon St Andrew","England","BRONZE",1976-09-24,"0"
67,2019-07-31,"Williams","Ms. Karen","iscgxh@mxjzu.otv","2e06cf4fda81ae33015430fed51f5127","07518725016","CA21","York Road 59","Beckermet","England","SILVER",1978-09-16,"0"
113,2018-12-26,"McDonald","Brian","nmf@h.jam","2e06cf4fda81ae33015430fed51f5127","07300224632","KT19","Victoria Street 94","Epsom","England","PLATINUM",1978-12-30,"0"
133,2019-09-27,"Cooper","Denise","drl@hvb.vuq","2e06cf4fda81ae33015430fed51f5127","07761687308","WA13","Church Lane 18","Lymm","England","PLATINUM",1976-09-02,"0"
68,2020-09-17,"Fleming","Mark","brkt@uwh.tji","2e06cf4fda81ae33015430fed51f5127","07466627201","W1G","West Street 77","Paddington","England","GOLD",1973-07-17,"0"
182,2020-11-18,"Thomson","Debra","xkjvhydrin@dhni.ajo","2e06cf4fda81ae33015430fed51f5127","07086802224","LL64","New Road 60","Rhosneigr","Wales","SILVER",1974-11-19,"0"
13,2022-12-05,"Davis","Gail","kjnzpxi@adgvphtyiw.qja","2e06cf4fda81ae33015430fed51f5127","07106697981","BS5","Church Road 60","Bristol","England","SILVER",1987-10-20,"0"
183,2021-03-18,"Law","Miss Lauren","d@sgwey.usg","2e06cf4fda81ae33015430fed51f5127","07588065307","OX20","Queens Road 74","Woodstock","England","GOLD",1993-12-04,"0"
146,2019-05-20,"Berry","Abdul","xihu@iz.mrd","2e06cf4fda81ae33015430fed51f5127","07763857269","IV31","Green Lane 74","Lossiemouth","Scotland","BRONZE",2007-10-10,"0"
29,2018-02-10,"Spencer","Lorraine","lc@b.gtq","2e06cf4fda81ae33015430fed51f5127","07353610626","TR25","Broadway 75","Isles of Scilly","England","PLATINUM",1988-08-07,"0"
158,2019-04-16,"Bibi","Kyle","vbdgapwt@nkvfytpbw.org","2e06cf4fda81ae33015430fed51f5127","07464743640","SE5","Park Road 25","Camberwell","England","PLATINUM",1993-10-16,"0"
137,2019-02-28,"Kirby","Kelly","rnfum@yjqeghnz.ksn","2e06cf4fda81ae33015430fed51f5127","07887625549","SS4","Mill Road 91","Rochford","England","BRONZE",1971-02-15,"0"
65,2020-05-08,"Butler","Jasmine","zjebp@k.lui","2e06cf4fda81ae33015430fed51f5127","07957188153","G20","Green Lane 57","Glasgow","Scotland","BRONZE",1986-03-31,"0"
105,2018-05-16,"Hawkins-King","Kyle","sombzctn@qzwd.yjn","2e06cf4fda81ae33015430fed51f5127","07293273773","CF32","Main Street 20","Garw Valley","Wales","PLATINUM",1979-12-17,"0"
2,2019-11-11,"Burrows","Karl","wtc@duylmg.vxz","2e06cf4fda81ae33015430fed51f5127","07770435189","SW2","Church Lane 56","Lambeth","England","SILVER",1977-09-25,"0"
39,2021-11-27,"Alexander","Mrs. Kathleen","gi@ozi.zoy","2e06cf4fda81ae33015430fed51f5127","07368852610","HS5","Kingsway 17","Leverburgh","Scotland","SILVER",1971-02-14,"0"
81,2020-12-03,"Murphy","Neil","emvwxastz@iwryf.jxw","2e06cf4fda81ae33015430fed51f5127","07557915940","TW17","London Road 84","Staines","England","SILVER",1999-12-21,"0"
63,2018-10-15,"Harris","Dr. James","ecprdq@ceugqjvb.npz","2e06cf4fda81ae33015430fed51f5127","07508690953","G12","Kingsway 49","Glasgow","Scotland","GOLD",1979-05-12,"0"
139,2020-09-16,"Hewitt","Vincent","iaqprunjht@hrix.ebq","2e06cf4fda81ae33015430fed51f5127","07115000242","SA45","Church Street 27","New Quay","Wales","PLATINUM",1983-12-17,"0"
37,2019-06-11,"Brookes","Kyle","nxged@ob.ygh","2e06cf4fda81ae33015430fed51f5127","07522896529","S74","The Avenue 13","Hoyland","England","SILVER",2000-06-27,"0"
190,2019-09-03,"Simpson","Mr. Bradley","kcl@refoxwksvb.ibq","2e06cf4fda81ae33015430fed51f5127","07918355517","NN3","The Crescent 29","Northampton","England","GOLD",1978-11-27,"0"
173,2019-01-26,"Payne","Dr. Jake","nfzgcaxy@zj.isz","2e06cf4fda81ae33015430fed51f5127","07566893012","SS17","Queensway 86","Corringham","England","PLATINUM",1985-01-20,"0"
108,2019-02-13,"Parker","Frank","r@mzclbrpot.rwe","2e06cf4fda81ae33015430fed51f5127","07616214701","DH8","Main Street 52","Burnhope","England","BRONZE",1991-05-14,"0"
102,2018-09-05,"Joyce","Dr. Hayley","ld@cnjtqhalw.xkl","2e06cf4fda81ae33015430fed51f5127","07892813603","L25","Queen Street 25","Garston","England","PLATINUM",2001-03-16,"0"
43,2021-10-27,"Mitchell","Ryan","xckrjzwd@typmzax.bdv","2e06cf4fda81ae33015430fed51f5127","07556287685","HU7","Green Lane 59","Hull","England","SILVER",1988-07-09,"0"
171,2018-01-16,"Hyde","Samantha","guaklcj@m.jim","2e06cf4fda81ae33015430fed51f5127","07289029603","W2","Victoria Street 88","Paddington","England","GOLD",1971-08-28,"0"
103,2020-01-22,"Smith","Beth","mhkof@lw.wrz","2e06cf4fda81ae33015430fed51f5127","07104307258","KT20","North Road 10","Reigate and Banstead","England","BRONZE",1996-05-09,"0"
166,2019-04-20,"Rose-Powell","Rachael","luk@fhzciwe.hwf","2e06cf4fda81ae33015430fed51f5127","07187438445","HR3","Grange Road 58","Clifford","England","PLATINUM",1988-08-26,"0"
89,2019-07-28,"Wong","Stuart","lymunve@hlwfnr.als","2e06cf4fda81ae33015430fed51f5127","07803147955","EN3","Stanley Road 88","Enfield","England","BRONZE",1990-12-04,"0"
170,2022-04-27,"Bradley","Paige","wap@vtkb.sqg","2e06cf4fda81ae33015430fed51f5127","07445564840","HR1","Queens Road 82","Hampton Bishop","England","BRONZE",1990-06-11,"0"
121,2018-10-01,"Turner","Aaron","ecfvo@hpswzub.mwy","2e06cf4fda81ae33015430fed51f5127","07317574305","EH1","Windsor Road 10","Edinburgh","Scotland","GOLD",1977-09-22,"0"
155,2018-11-06,"Walker-Knight","Richard","wr@tnicvkuh.ltd","2e06cf4fda81ae33015430fed51f5127","07566838837","SA61","The Green 63","Haverfordwest","Wales","GOLD",1996-08-25,"0"
88,2021-08-10,"Lowe","Jamie","wjdcmb@ilwbku.tim","2e06cf4fda81ae33015430fed51f5127","07336633887","WS15","Broadway 4","Brereton","England","PLATINUM",1991-02-21,"0"
151,2018-11-02,"Stevenson","Abbie","zrinxgpc@ytnkjsrdu.kgl","2e06cf4fda81ae33015430fed51f5127","07901082453","PA67","New Street 64","Bunessan","Scotland","PLATINUM",2001-08-07,"0"
141,2018-05-07,"Cooper","Dr. Damian","abdrqeph@t.atw","2e06cf4fda81ae33015430fed51f5127","07134230144","TS13","Stanley Road 87","Loftus","England","PLATINUM",1983-06-26,"0"
109,2022-05-09,"Sharp","Gerard","vquyih@kduyrejhc.lzu","2e06cf4fda81ae33015430fed51f5127","07479213062","CA1","North Road 60","Carlisle","England","BRONZE",1978-02-08,"0"
156,2019-03-18,"Winter","Christopher","ounjxfwdl@viegukowy.lsd","2e06cf4fda81ae33015430fed51f5127","07854956838","PO12","High Street 77","Gosport","England","GOLD",2001-04-10,"0"
7,2018-09-28,"Roberts","Mr. David","l@c.sxk","2e06cf4fda81ae33015430fed51f5127","07211845835","HU14","Windsor Road 82","North Ferriby","England","GOLD",1984-03-17,"0"
184,2020-03-08,"Wilson","Miss Jade","hdznxlbr@n.waj","2e06cf4fda81ae33015430fed51f5127","07568680640","CR2","New Road 82","Croydon","England","GOLD",1998-01-20,"0"
104,2018-08-08,"O'Neill","Dr. Scott","jycmast@nbzrwj.mus","2e06cf4fda81ae33015430fed51f5127","07885436810","EH16","North Road 27","Edinburgh","Scotland","PLATINUM",1973-07-02,"0"
138,2019-02-26,"Tyler-Jones","Abdul","h@ngi.qtf","2e06cf4fda81ae33015430fed51f5127","07348178251","CO16","St. John’s Road 55","Little Clacton","England","GOLD",1973-02-09,"0"
31,2018-09-06,"Smith","Zoe","ztivxf@cvlrzqthms.kxv","2e06cf4fda81ae33015430fed51f5127","07248787533","BS16","Mill Road 93","Kingswood","England","GOLD",2006-07-31,"0"
61,2019-07-12,"Davies-Coles","Melissa","dow@ixjgzntq.bum","2e06cf4fda81ae33015430fed51f5127","07186601513","HU12","The Green 28","Burstwick","England","SILVER",1978-01-15,"0"
120,2018-01-20,"Griffin","Katherine","zsmvug@t.qlu","2e06cf4fda81ae33015430fed51f5127","07854345719","LS26","Alexander Road 53","Rothwell","England","SILVER",1983-02-13,"0"
74,2020-03-22,"Spencer","Ms. Leanne","ympwkfn@yfrwzxpmc.bdz","2e06cf4fda81ae33015430fed51f5127","07180294760","HP4","New Street 79","Berkhamsted","England","PLATINUM",2001-11-21,"0"
85,2020-04-18,"Rowe","Maria","kltveu@begwxlisfq.cqw","2e06cf4fda81ae33015430fed51f5127","07170402755","S25","Church Street 6","Dinnington","England","GOLD",1976-03-17,"0"
70,2020-12-11,"Ross","Maurice","uhiyzdto@dcjukw.ibe","2e06cf4fda81ae33015430fed51f5127","07228554556","TS6","Richmond Road 16","Redcar","England","PLATINUM",2000-01-19,"0"
97,2020-12-09,"Singh","Pauline","cptsji@xqrnmvjp.ytj","2e06cf4fda81ae33015430fed51f5127","07163456085","PE24","Park Avenue 9","Burgh Le Marsh","England","PLATINUM",1980-04-05,"0"
187,2018-12-01,"Nash","Gail","vxyjpzo@m.sft","2e06cf4fda81ae33015430fed51f5127","07852188314","DA4","Station Road 40","Horton Kirby","England","GOLD",1996-01-14,"0"
98,2018-12-28,"Wilkinson","Michael","hskcbr@zirecldq.vpa","2e06cf4fda81ae33015430fed51f5127","07425691983","WC1V","Queen Street 52","Camden Town","England","BRONZE",1971-08-29,"0"
168,2020-08-10,"Bradshaw","Mohammed","caojrfz@jp.swi","2e06cf4fda81ae33015430fed51f5127","07102057500","TA22","Main Road 16","Dulverton","England","SILVER",1979-09-30,"0"
92,2018-03-28,"Morris","Kelly","vniyjdgo@cezm.ust","2e06cf4fda81ae33015430fed51f5127","07983445032","G23","North Street 62","Glasgow","Scotland","PLATINUM",1998-05-14,"0"
40,2018-01-23,"North","Mr. Clive","duh@wt.qpf","2e06cf4fda81ae33015430fed51f5127","07623656310","CA17","Church Road 44","Kirkby Stephen","England","GOLD",2009-08-25,"0"
125,2020-05-17,"Green","Zoe","fornzs@mfwdvrlguh.tpg","2e06cf4fda81ae33015430fed51f5127","07191478120","SA19","Main Street 69","Talley","Wales","PLATINUM",1974-01-26,"0"
69,2018-11-13,"Nash","Mrs. Carolyn","dgjrbky@uyh.rqg","2e06cf4fda81ae33015430fed51f5127","07926760166","M29","London Road 45","Pemberton","England","GOLD",1971-11-30,"0"
148,2018-12-25,"Smith","Mrs. Sharon","gjbyd@repx.qgy","2e06cf4fda81ae33015430fed51f5127","07256122220","KW16","New Street 82","Stromness","Scotland","PLATINUM",1997-07-07,"0"
51,2019-04-11,"Wood-Harding","Nathan","je@drzl.szh","2e06cf4fda81ae33015430fed51f5127","07184229726","ME20","Mill Lane 13","Ditton","England","PLATINUM",2004-05-21,"0"
54,2021-04-15,"Middleton","Dr. Garry","alycosxt@kigov.uec","2e06cf4fda81ae33015430fed51f5127","07999982101","WR12","George Street 15","Broadway","England","SILVER",2001-02-07,"0"
172,2018-03-04,"Hale-Gibbs","Georgia","x@f.xpw","2e06cf4fda81ae33015430fed51f5127","07523280342","DH8","Richmond Road 23","Burnhope","England","PLATINUM",1986-11-12,"0"
99,2021-09-02,"Stanley","Howard","jfhcbqiv@uiwfnq.qgp","2e06cf4fda81ae33015430fed51f5127","07580115466","TA7","King Street 6","Stawell","England","PLATINUM",1997-06-21,"0"
50,2020-04-23,"Miles","Dr. Tony","byl@vy.gsn","2e06cf4fda81ae33015430fed51f5127","07196011551","HD3","Park Avenue 74","Huddersfield","England","BRONZE",1973-01-31,"0"
122,2019-02-23,"Smith","Ms. Diane","hsl@xfnbgvpzur.vuq","2e06cf4fda81ae33015430fed51f5127","07331163304","BT20","St. John’s Road 62","Bangor","Northern Ireland","SILVER",1983-02-18,"0"
192,2023-12-19,"Hill","Mr. Dean","fybsrcvk@rhtlnbpzae.csp","2e06cf4fda81ae33015430fed51f5127","07471699803","NR9","Church Street 27","Marlingford","England","PLATINUM",1979-09-20,"0"
75,2020-08-13,"McCarthy","Miss June","yugiqsdv@eirgstmyuq.utd","2e06cf4fda81ae33015430fed51f5127","07188701420","EX8","London Road 52","Exmouth","England","PLATINUM",1997-10-15,"0"
164,2019-08-14,"Bowen","Donald","wx@jkgehlbvxs.dbk","2e06cf4fda81ae33015430fed51f5127","07723362524","E9","Richmond Road 11","Hackney","England","GOLD",1977-10-25,"0"
175,2020-11-25,"Hargreaves","Jonathan","ucailmj@fyz.xlo","2e06cf4fda81ae33015430fed51f5127","07359949644","SL6","Springfield Road 95","Maidenhead","England","GOLD",1985-07-13,"0"
12,2018-11-27,"Singh","Elliott","ghjk@umtvfgeqhw.yxf","2e06cf4fda81ae33015430fed51f5127","07226632716","CV32","York Road 82","Leamington Spa","England","PLATINUM",1987-06-08,"0"
56,2018-03-26,"Marshall","Dr. Leigh","irglvdzys@utcxweb.dfp","2e06cf4fda81ae33015430fed51f5127","07463646629","CH60","North Street 1","Heswall","England","BRONZE",2007-09-10,"0"
154,2018-05-10,"Johnson-Robinson","Jordan","nxl@etw.alb","2e06cf4fda81ae33015430fed51f5127","07059448494","NR16","St. John’s Road 64","Old Buckenham","England","PLATINUM",1970-11-25,"0"
17,2021-02-03,"King","Vanessa","jcwinshp@miosc.kro","2e06cf4fda81ae33015430fed51f5127","07051467896","GU10","Manor Road 65","Farnham","England","SILVER",1972-04-26,"0"
58,2021-03-11,"Rees","Ms. Kayleigh","n@ez.erh","2e06cf4fda81ae33015430fed51f5127","07137485693","DA1","Station Road 29","Dartford","England","BRONZE",1972-03-26,"0"
142,2020-09-25,"Summers-Rogers","Andrea","bwnfdahu@p.cte","2e06cf4fda81ae33015430fed51f5127","07494147466","NE70","New Road 5","Belford","England","SILVER",1990-04-28,"0"
4,2020-07-19,"Wood","Mr. Robin","njpa@xickhdq.ewj","2e06cf4fda81ae33015430fed51f5127","07028914315","NE16","Park Road 43","Wickham and Dunston","England","BRONZE",1997-06-26,"0"
176,2019-01-17,"Woods","Mrs. Jayne","udvce@kobf.qpb","2e06cf4fda81ae33015430fed51f5127","07555721292","GY9","New Street 36","nr Mouilpied","Guernsey","PLATINUM",1991-02-20,"0"
162,2018-12-16,"Collins","Ms. Joyce","izgsf@lnvbyxo.ztj","2e06cf4fda81ae33015430fed51f5127","07015851543","HP20","Church Road 49","Aylesbury","England","PLATINUM",1982-05-27,"0"
22,2020-09-02,"Williams","Mitchell","omdgaps@pvwlqby.jvr","2e06cf4fda81ae33015430fed51f5127","07520131777","KA23","London Road 40","West Kilbride","Scotland","GOLD",1978-03-02,"0"
20,2019-05-01,"Mitchell","Ms. Jean","cyu@iexkoy.xkj","2e06cf4fda81ae33015430fed51f5127","07721385181","W1H","King Street 91","Paddington","England","PLATINUM",2001-04-19,"0"
127,2019-02-08,"Phillips","Leon","jqchknyev@i.avn","2e06cf4fda81ae33015430fed51f5127","07715603821","CB22","New Street 20","Little Shelford","England","GOLD",2005-09-25,"0"
91,2019-01-05,"Holt","Maria","x@wjfgkt.ujb","2e06cf4fda81ae33015430fed51f5127","07668631835","TW20","The Drive 2","Egham","England","PLATINUM",1978-06-16,"0"
160,2022-12-28,"Lloyd","Mr. Christopher","bhsxovyejr@htaqsc.kzt","2e06cf4fda81ae33015430fed51f5127","07785855726","SA1","Broadway 34","Landore","Wales","PLATINUM",1977-03-06,"0"
28,2018-12-10,"Austin-Robinson","Joseph","cgph@cyqa.rix","2e06cf4fda81ae33015430fed51f5127","07533800460","BT75","High Street 93","Fivemiletown","Northern Ireland","BRONZE",1971-12-15,"0"
78,2019-05-17,"Ward-Woodward","Maria","avnjpqchmr@hxmw.gfx","2e06cf4fda81ae33015430fed51f5127","07482239328","S1","Manor Road 61","Norton","England","GOLD",1992-09-25,"0"
16,2018-02-07,"Owen","Ms. Melanie","sjgnyqw@twoaqgehk.fwo","2e06cf4fda81ae33015430fed51f5127","07437028441","PL20","Park Lane 32","Horrabridge","England","SILVER",1996-03-21,"0"
115,2021-02-22,"Higgins","Callum","pkrwfumy@uvrefpmwzk.xfu","2e06cf4fda81ae33015430fed51f5127","07021998292","GU3","The Avenue 60","Worplesdon","England","BRONZE",1987-02-28,"0"
177,2023-03-07,"Poole","Mr. Howard","ow@qxh.hpc","2e06cf4fda81ae33015430fed51f5127","07366098442","S11","Green Lane 89","Norton","England","GOLD",2003-06-07,"0"
32,2021-05-07,"Richardson","Miss Janet","trhm@liyovngu.vuy","2e06cf4fda81ae33015430fed51f5127","07153803477","BD18","St. John’s Road 57","Queensbury","England","BRONZE",1976-04-09,"0"
47,2022-02-25,"Todd","Carly","umjxncvh@mdcvl.cwz","2e06cf4fda81ae33015430fed51f5127","07224578101","CH42","North Road 53","Birkenhead","England","SILVER",1972-12-30,"1"
101,2023-01-16,"Sanders","Tracy","b@hmoskr.zdu","2e06cf4fda81ae33015430fed51f5127","07073628591","GL2","Victoria Road 83","Gloucester","England","PLATINUM",1971-06-01,"5"
45,2020-09-10,"Allen","Pamela","juxnthbsm@kuibxz.hxf","2e06cf4fda81ae33015430fed51f5127","07692638082","SE2","Windsor Road 61","Eltham","England","BRONZE",1977-08-23,"6"
42,2022-11-02,"Ward","Emily","bin@rjfub.ndp","2e06cf4fda81ae33015430fed51f5127","07787405759","NG14","Chester Road 25","Lowdham","England","BRONZE",2008-07-17,"7"
149,2020-02-25,"Wilson","Alison","umpqzni@f.xez","2e06cf4fda81ae33015430fed51f5127","07164009050","SN25","Church Street 29","Haydon Wick","England","PLATINUM",1977-02-05,"9"
23,2019-07-09,"Ellis","Louis","fgve@oxaedjl.ntw","2e06cf4fda81ae33015430fed51f5127","07731444086","TR5","Alexander Road 22","St Agnes","England","GOLD",1986-06-01,"12"
200,2019-07-23,"Lucas","Dr. Joshua","ysicg@tgnj.gyh","2e06cf4fda81ae33015430fed51f5127","07710054007","RM7","North Street 54","Romford","England","SILVER",2005-07-11,"12"
14,2022-06-04,"Atkins","Terry","mzrjilpd@z.ufr","2e06cf4fda81ae33015430fed51f5127","07159919888","EH13","Highfield Road 58","Juniper Green","Scotland","SILVER",2006-04-27,"14"
46,2022-11-27,"Joyce","Jasmine","ilgb@mkgeijcybv.pqx","2e06cf4fda81ae33015430fed51f5127","07467950350","BD7","Windsor Road 84","Queensbury","England","SILVER",1995-08-02,"15"
55,2021-02-08,"Manning","Liam","jcmktr@onqlip.cyx","2e06cf4fda81ae33015430fed51f5127","07839982495","YO8","Kings Road 46","Selby","England","BRONZE",1973-08-04,"16"
191,2021-06-19,"Ferguson","Bernard","fxtazs@qigf.ute","2e06cf4fda81ae33015430fed51f5127","07795860611","CO15","Park Avenue 94","Clacton-on-Sea","England","GOLD",1986-09-22,"22"
71,2020-01-04,"Cook","Mrs. Josephine","cpedro@oklzabm.mch","2e06cf4fda81ae33015430fed51f5127","07714737203","EX23","North Street 78","Bude","England","BRONZE",1977-08-24,"23"
80,2020-09-15,"Metcalfe-Taylor","Christopher","wxfvst@taszghmdvy.nev","2e06cf4fda81ae33015430fed51f5127","07442724349","CF3","New Street 32","Trowbridge","Wales","SILVER",1984-06-25,"30"
118,2021-05-27,"Patel","Dr. Charlie","dumhwzx@chmlbk.rie","2e06cf4fda81ae33015430fed51f5127","07154622250","DH6","The Grove 61","Shadforth","England","BRONZE",1975-01-28,"32"
123,2023-06-19,"Richardson-Palmer","Deborah","prkfwnd@crzy.lck","2e06cf4fda81ae33015430fed51f5127","07294522552","SA71","London Road 85","Pembroke","Wales","BRONZE",1986-06-27,"35"
59,2024-02-23,"Wilkinson","Catherine","mkfrzosjwn@ged.nrp","2e06cf4fda81ae33015430fed51f5127","07272099028","DD2","Highfield Road 35","Dundee","Scotland","BRONZE",1990-03-16,"36"
196,2022-06-22,"Herbert","Ronald","sqvg@dwfkon.lky","2e06cf4fda81ae33015430fed51f5127","07503346768","E16","Church Lane 4","East Ham","England","PLATINUM",1994-06-11,"43"
21,2023-01-01,"Watts","Nicole","ljgen@uqixt.olz","2e06cf4fda81ae33015430fed51f5127","07089356687","RG26","School Lane 56","Pamber","England","PLATINUM",2009-02-20,"47"
73,2024-03-17,"Mitchell","Miss Linda","lgsyde@o.rwf","2e06cf4fda81ae33015430fed51f5127","07663390114","ST15","The Green 20","Stone","England","GOLD",1974-08-19,"48"
87,2022-07-11,"Roberts","Michael","lrqewh@wuq.fiq","2e06cf4fda81ae33015430fed51f5127","07255520917","HX4","The Grove 68","Halifax","England","SILVER",1990-09-12,"49"
53,2022-03-30,"Bryant","Jonathan","pinkxogh@bpnrz.svj","2e06cf4fda81ae33015430fed51f5127","07520435895","SE15","Green Lane 84","Camberwell","England","BRONZE",1997-01-14,"52"
161,2022-11-26,"Marsden","Sara","qgwnukfo@nuotxzjmf.pdy","2e06cf4fda81ae33015430fed51f5127","07026654150","ME11","The Grove 68","Queenborough","England","GOLD",1990-07-26,"53"
143,2023-11-12,"Gardiner","Danielle","uhmgfzciw@ht.key","2e06cf4fda81ae33015430fed51f5127","07070989221","KT3","Windsor Road 18","Kingston Upon Thames","England","GOLD",2001-03-25,"53"
41,2022-10-09,"Henry","Dr. Matthew","oxj@skycod.lri","2e06cf4fda81ae33015430fed51f5127","07593577685","DL16","Church Street 43","Spennymoor","England","GOLD",1999-03-19,"53"
188,2023-09-22,"Kemp","Miss Sarah","vohls@odrm.jsf","2e06cf4fda81ae33015430fed51f5127","07863913672","IV14","The Green 81","Strathpeffer","Scotland","PLATINUM",1977-03-03,"57"
93,2022-02-16,"Jones","Darren","yaojuh@odnsipex.ptm","2e06cf4fda81ae33015430fed51f5127","07803898362","HR2","Broadway 40","Allensmore","England","SILVER",2009-10-28,"58"
111,2024-01-14,"Watson","Darren","puhynkldqi@eqzxmkgw.zhm","2e06cf4fda81ae33015430fed51f5127","07362724230","CH4","Church Lane 61","Saltney","England","SILVER",1974-10-14,"58"
135,2019-12-21,"Yates","Mr. Daniel","ph@behqvmoj.egz","2e06cf4fda81ae33015430fed51f5127","07982092107","LL35","Main Street 47","Aberdovey","Wales","PLATINUM",2005-03-20,"61"
5,2022-03-14,"Butcher","Mrs. Jacqueline","wyxle@qfns.zay","2e06cf4fda81ae33015430fed51f5127","07230603853","BD22","Kings Road 85","Keighley","England","GOLD",2003-02-12,"63"
49,2022-06-28,"Alexander","Raymond","ltipxjoeq@uvtipgmy.zyw","2e06cf4fda81ae33015430fed51f5127","07380114570","SE16","South Street 75","Camberwell","England","GOLD",1998-03-14,"65"
150,2022-04-22,"Wood","Kirsty","z@uwdv.zvn","2e06cf4fda81ae33015430fed51f5127","07553594636","PE36","Park Avenue 12","Old Hunstanton","England","SILVER",1992-02-15,"65"
199,2023-12-02,"Carter","Dr. Jasmine","qwzf@xvrodplqj.vjf","2e06cf4fda81ae33015430fed51f5127","07239292588","BT37","London Road 97","Whiteabbey","Northern Ireland","GOLD",1987-07-14,"65"
116,2023-08-05,"May","Frank","uryzclx@olquedn.snl","2e06cf4fda81ae33015430fed51f5127","07617737599","KT5","London Road 92","Kingston Upon Thames","England","GOLD",1993-04-23,"70"
147,2022-01-21,"Turner","Guy","jcfdqyuh@mwkhyg.ecz","2e06cf4fda81ae33015430fed51f5127","07308331245","NR21","Main Street 32","Fakenham","England","PLATINUM",1980-08-15,"74"
64,2022-03-03,"Hart","Mr. Jake","aze@bnjxpkvs.pxd","2e06cf4fda81ae33015430fed51f5127","07379829214","IV31","Queensway 2","Lossiemouth","Scotland","SILVER",2003-05-28,"75"
179,2021-09-13,"Cooke","Ms. Shirley","zrusco@kxdpivj.pcl","2e06cf4fda81ae33015430fed51f5127","07424115087","HP17","York Road 31","Dinton","England","GOLD",1985-11-27,"76"
159,2021-09-22,"Bell","Miss Maureen","jzawquxkpl@jpnbvilodz.xld","2e06cf4fda81ae33015430fed51f5127","07871282923","L35","Victoria Road 91","Rainhill","England","GOLD",1970-08-28,"82"
82,2020-10-22,"Ali","Charlie","akyrzqelwn@ztfseyg.zub","2e06cf4fda81ae33015430fed51f5127","07005444156","PH36","Manchester Road 28","Kentra","Scotland","PLATINUM",1981-12-17,"82"
180,2023-09-11,"Richards","Julie","esdiavrjz@p.cbi","2e06cf4fda81ae33015430fed51f5127","07075160941","NE68","Springfield Road 74","North Sunderland","England","GOLD",1989-10-21,"90"
119,2021-05-03,"Harding","Dr. Peter","p@admrnxitvw.msn","2e06cf4fda81ae33015430fed51f5127","07899973707","IG2","North Street 76","Ilford","England","SILVER",1971-09-12,"92"
52,2020-09-23,"Cox","Harriet","buemlrv@yliwnz.ntk","2e06cf4fda81ae33015430fed51f5127","07379699348","DY10","West Street 92","Kidderminster","England","PLATINUM",1972-09-23,"92"
26,2023-05-03,"Richardson-Evans","Russell","jgmalt@gjayesqxh.bgy","2e06cf4fda81ae33015430fed51f5127","07808531983","TW2","Mill Lane 47","Richmond","England","SILVER",2002-06-16,"94"
6,2019-04-17,"Parker","Sian","ljdrxiukg@dszcpw.idt","2e06cf4fda81ae33015430fed51f5127","07077260529","BS49","School Lane 25","Yatton","England","SILVER",2006-06-05,"95"
25,2023-11-30,"Rogers","Lindsey","gonwv@kqj.hct","2e06cf4fda81ae33015430fed51f5127","07013491709","WR15","North Street 93","Tenbury","England","SILVER",2003-10-21,"96"
134,2019-10-27,"Roberts","Dr. Zoe","magoted@hazt.mvo","2e06cf4fda81ae33015430fed51f5127","07960058236","PE19","London Road 25","St Neots","England","SILVER",2005-11-19,"98"
72,2021-08-07,"Edwards","Antony","bfgscj@arqzxmoyti.ypk","2e06cf4fda81ae33015430fed51f5127","07938885631","NP16","King Street 49","St Arvans","Wales","PLATINUM",1992-02-05,"98"
110,2020-07-01,"Parker-Moran","Leslie","yun@wxmzcyid.crz","2e06cf4fda81ae33015430fed51f5127","07288209216","WC1A","Church Street 51","Camden Town","England","SILVER",2003-04-20,"102"
84,2023-04-27,"Fletcher","Robin","lawrgdhqj@sbuhpoz.mat","2e06cf4fda81ae33015430fed51f5127","07342010732","TS27","Mill Lane 49","Monk Hesleden","England","GOLD",1986-11-18,"103"
1,2020-10-14,"Clarke-Green","Rita","sl@jxlwfhmkt.bhl","2e06cf4fda81ae33015430fed51f5127","07941870912","W3","Stanley Road 51","Ealing","England","PLATINUM",2008-07-11,"103"
163,2020-06-13,"Lee-Thomas","Jenna","fysz@ka.ejf","2e06cf4fda81ae33015430fed51f5127","07780962500","SS6","Church Road 35","Rayleigh","England","PLATINUM",2005-12-23,"104"
197,2022-10-27,"Green","Shannon","bq@krt.jqh","2e06cf4fda81ae33015430fed51f5127","07837912308","SY7","Stanley Road 27","Hopesay","England","BRONZE",1992-11-16,"107"
165,2023-05-11,"Lambert","Annette","prnqtl@nbyleu.cko","2e06cf4fda81ae33015430fed51f5127","07467047217","LL52","The Avenue 55","Criccieth","Wales","GOLD",1995-05-18,"107"
9,2019-08-21,"Mitchell","Holly","ehjm@wixamktby.ome","2e06cf4fda81ae33015430fed51f5127","07469255312","G73","Broadway 72","Cambuslang","Scotland","GOLD",2000-05-28,"107"
130,2020-11-30,"Williams","Judith","pzsf@k.axu","2e06cf4fda81ae33015430fed51f5127","07591544983","AB21","North Road 43","Aberdeen Airport","Scotland","SILVER",1987-11-27,"108"
3,2023-12-18,"Howard","Mr. Paul","etyvofj@myw.lqr","2e06cf4fda81ae33015430fed51f5127","07464334100","SG19","The Green 39","Everton","England","SILVER",1973-10-14,"108"
15,2022-10-16,"Davies","Mr. Denis","aup@n.awy","2e06cf4fda81ae33015430fed51f5127","07518181472","BN8","Alexander Road 18","Ringmer","England","BRONZE",1986-09-19,"108"
186,2020-08-19,"Kennedy","Miss Jayne","hdmxkeyu@rktl.toy","2e06cf4fda81ae33015430fed51f5127","07051176943","LL74","Richmond Road 1","Llanfair-Mathafarn-Eithaf","Wales","SILVER",1998-07-04,"110"
86,2022-12-26,"Adams","Mr. Frank","aq@rd.rzl","2e06cf4fda81ae33015430fed51f5127","07860092043","DE74","London Road 88","Lockington","England","SILVER",1978-09-15,"113"
128,2022-05-31,"Mills","Mrs. Gillian","fzgxrl@zgaxh.sqx","2e06cf4fda81ae33015430fed51f5127","07896879198","GU46","West Street 94","Yateley","England","PLATINUM",1992-09-30,"115"
167,2023-11-03,"Hughes","Mr. Mohammed","etcxyo@kf.wpb","2e06cf4fda81ae33015430fed51f5127","07391711747","KA29","St. John’s Road 39","Fairlie","Scotland","GOLD",1970-07-20,"118"
181,2023-07-06,"Wood","Carolyn","y@ue.euz","2e06cf4fda81ae33015430fed51f5127","07802526167","TA20","The Grove 66","Chard","England","GOLD",1975-08-31,"124"
33,2023-09-19,"Jenkins","Victoria","o@lyb.spt","2e06cf4fda81ae33015430fed51f5127","07760226118","EH1","Alexander Road 74","Edinburgh","Scotland","GOLD",1986-06-17,"124"
153,2020-09-08,"Smith-Marsh","Mark","qyvnjk@mwknq.ygx","2e06cf4fda81ae33015430fed51f5127","07105284214","KT7","Green Lane 32","Esher","England","SILVER",1996-02-25,"126"
35,2021-07-28,"Dean","Dale","jwoymgnzxq@tagf.dxm","2e06cf4fda81ae33015430fed51f5127","07764527684","SE20","Victoria Road 15","Bromley","England","SILVER",1994-04-30,"129"
185,2022-05-16,"Murphy","Amelia","cfwpkuaz@urixz.lim","2e06cf4fda81ae33015430fed51f5127","07581865892","DT11","Broadway 70","Bryanston","England","GOLD",1997-05-29,"129"
129,2020-11-06,"Byrne","Clifford","djl@w.hon","2e06cf4fda81ae33015430fed51f5127","07583800722","RG8","Kings Road 2","Whitchurch-on-Thames","England","GOLD",2004-01-10,"129"
152,2023-01-08,"Begum","Lucy","swltyha@sg.zcn","2e06cf4fda81ae33015430fed51f5127","07102407603","CT2","North Road 13","Canterbury","England","SILVER",1979-11-25,"131"
90,2023-05-21,"Begum","Nicola","zigm@itwksyuhv.jil","2e06cf4fda81ae33015430fed51f5127","07514695309","NP12","Station Road 69","Blackwood","Wales","SILVER",1994-03-26,"133"
100,2021-06-20,"Wright","Ashleigh","zkomv@hqgjyw.jwv","2e06cf4fda81ae33015430fed51f5127","07879962986","PL18","Church Road 18","Calstock","England","BRONZE",1977-11-01,"134"
60,2021-08-21,"Parker","Abdul","vijxt@onpigqt.wfj","2e06cf4fda81ae33015430fed51f5127","07209635231","B70","Highfield Road 25","West Bromwich","England","PLATINUM",1997-05-23,"135"
107,2019-06-17,"Carr-Patel","Joel","kul@qyn.fry","2e06cf4fda81ae33015430fed51f5127","07928552583","NE24","George Street 36","Blyth","England","PLATINUM",1976-05-07,"137"
193,2021-07-18,"Wright","Debra","dazt@y.ivx","2e06cf4fda81ae33015430fed51f5127","07750818353","PH7","Mill Road 25","Crieff","Scotland","PLATINUM",1977-12-26,"137"
117,2021-01-06,"Wilkins","Ms. Harriet","xompsv@qt.iad","2e06cf4fda81ae33015430fed51f5127","07863676639","TF13","Mill Lane 19","Much Wenlock","England","SILVER",1987-01-12,"137"
34,2021-11-15,"Saunders","Benjamin","mfrcpkxb@dwyp.apj","2e06cf4fda81ae33015430fed51f5127","07412374583","BA10","King Street 45","Bruton","England","GOLD",2001-11-14,"138"
124,2022-04-17,"Murphy","Dr. Victor","jycdtqzben@gr.dmw","2e06cf4fda81ae33015430fed51f5127","07398542516","BA12","Church Lane 57","Longbridge Deverill","England","SILVER",1990-06-26,"139"
24,2021-12-17,"Wright","Dr. Malcolm","vkbdiju@mesbkv.ewn","2e06cf4fda81ae33015430fed51f5127","07435276183","BN1","New Street 74","Brighton","England","PLATINUM",1971-12-09,"142"
178,2024-03-03,"Bailey-Scott","Emily","ieoabdnyg@durzbqhxn.uxz","2e06cf4fda81ae33015430fed51f5127","07694195037","W1T","Kings Road 64","Camden Town","England","PLATINUM",1982-06-22,"143"
76,2021-03-13,"Bryant","Geraldine","cymqen@slqy.dsb","2e06cf4fda81ae33015430fed51f5127","07329963299","BS39","Grange Road 22","Clutton","England","PLATINUM",1998-12-07,"144"
114,2023-11-24,"Bowen-Preston","Oliver","hjoiavnkt@on.qxb","2e06cf4fda81ae33015430fed51f5127","07363430717","CM18","London Road 36","Harlow","England","BRONZE",2009-10-02,"147"
48,2022-06-29,"Woodward-Bell","Julie","yicqvnhkzx@pszf.hse","2e06cf4fda81ae33015430fed51f5127","07148070632","WA3","Park Avenue 53","Croft","England","BRONZE",1996-06-26,"149"
94,2022-07-05,"Cooper","Claire","ryifjtmsux@zehbjnl.bjq","2e06cf4fda81ae33015430fed51f5127","07521598492","CF43","North Street 4","Ferndale","Wales","BRONZE",1981-08-02,"150"
95,2018-12-22,"Warren","Mr. Anthony","lxhtoqud@hgaudjs.wbz","2e06cf4fda81ae33015430fed51f5127","07770975916","SM7","The Crescent 59","Reigate and Banstead","England","BRONZE",1971-07-18,"151"
44,2021-02-02,"Richardson","Mrs. Angela","rybezw@tyjvb.vyo","2e06cf4fda81ae33015430fed51f5127","07946837632","LL73","Kings Road 91","Llaneugrad","Wales","PLATINUM",1971-03-10,"151"
66,2023-01-15,"Bryant","Dr. Charlie","gbqwirj@lbqi.bak","2e06cf4fda81ae33015430fed51f5127","07548282112","NW2","New Street 92","Brent","England","PLATINUM",1990-04-07,"153"
132,2020-03-29,"Smith","Julia","a@zmklfaxvw.woz","2e06cf4fda81ae33015430fed51f5127","07865850641","SA14","New Street 41","Llannon","Wales","GOLD",1974-03-24,"156"
144,2021-02-28,"Gray","Scott","oean@gwjbmydvxt.ixw","2e06cf4fda81ae33015430fed51f5127","07792376140","PL8","Springfield Road 62","Yealmpton","England","PLATINUM",1982-09-26,"156"
10,2021-07-25,"Young","Marc","tnq@anphsrbydx.dnk","2e06cf4fda81ae33015430fed51f5127","07204859285","CM9","London Road 13","Heybridge","England","BRONZE",2007-07-04,"164"
136,2019-05-16,"Robinson","Mrs. Alison","btfnd@hupfz.drt","2e06cf4fda81ae33015430fed51f5127","07696385319","EX15","Mill Lane 38","Kentisbeare","England","GOLD",2006-11-06,"169"
77,2022-09-03,"Bennett","Douglas","y@bkpsfhrl.iqp","2e06cf4fda81ae33015430fed51f5127","07492222701","NE67","Stanley Road 32","Ellingham","England","PLATINUM",1982-08-30,"169"
131,2022-12-07,"Scott","Antony","gsvnea@mliotf.ksy","2e06cf4fda81ae33015430fed51f5127","07219634542","N20","Albert Road 70","Barnet","England","GOLD",2009-03-26,"170"
169,2019-04-01,"Barnes","Abigail","wpzrhuyoc@hmq.imo","2e06cf4fda81ae33015430fed51f5127","07939798110","BH24","The Grove 6","Ringwood","England","GOLD",1975-08-09,"171"
38,2020-12-05,"Higgins-McDonald","Simon","i@kohqrzpy.vze","2e06cf4fda81ae33015430fed51f5127","07897292460","HD5","New Street 79","Huddersfield","England","PLATINUM",1977-03-18,"171"
145,2022-03-17,"Johnston","Irene","dh@cr.etc","2e06cf4fda81ae33015430fed51f5127","07846451768","HS5","Manchester Road 90","Leverburgh","Scotland","SILVER",1991-07-18,"171"
194,2023-12-08,"Morley","Francis","kmywj@u.swt","2e06cf4fda81ae33015430fed51f5127","07433110452","EN10","Victoria Road 84","Broxbourne","England","PLATINUM",1970-02-14,"175"
8,2021-04-26,"Baldwin","Mr. Shaun","rb@gtnpjua.wtg","2e06cf4fda81ae33015430fed51f5127","07001978493","PA17","New Road 64","Skelmorlie","Scotland","PLATINUM",1996-09-13,"176"
112,2023-01-11,"Andrews","Mr. Terence","cuqyxgkfr@f.cyw","2e06cf4fda81ae33015430fed51f5127","07603779013","DD2","The Grove 42","Dundee","Scotland","PLATINUM",1984-09-11,"182"
57,2023-03-11,"Wood","Dr. Beth","lubtwcx@gkezrmyt.esh","2e06cf4fda81ae33015430fed51f5127","07286728666","SG4","Stanley Road 65","Ippollitts","England","SILVER",2004-05-01,"184"
62,2022-08-13,"Price","Amy","lragsoymzb@ioxmj.ato","2e06cf4fda81ae33015430fed51f5127","07882922440","PL29","Station Road 48","St Endellion","England","BRONZE",2008-06-17,"187"
36,2022-08-24,"Collins-Davey","Nigel","hfqtj@oyhkc.ymv","2e06cf4fda81ae33015430fed51f5127","07604886832","YO43","Main Street 89","Market Weighton","England","BRONZE",1982-06-09,"190"
198,2022-05-28,"Morris","Dr. Francesca","qithjcefu@evpmtqka.jcw","2e06cf4fda81ae33015430fed51f5127","07160599869","CR5","Main Street 71","Croydon","England","GOLD",1990-08-11,"190"
27,2022-03-11,"Singh","Tracey","yf@vfqbaezc.fdu","2e06cf4fda81ae33015430fed51f5127","07996298840","EN11","High Street 74","Hoddesdon","England","BRONZE",1998-04-16,"190"
157,2023-10-17,"Hawkins","Mr. Aaron","rftqod@hbcsnrz.spx","2e06cf4fda81ae33015430fed51f5127","07304249537","AB14","The Grove 86","Peterculter","Scotland","GOLD",1973-09-23,"196"
